{"cameraMode":{"drawMode":0,"name":"Shaded","section":"Shading Mode"},"sceneLighting":true,"audioPlay":false,"sceneViewState":{"m_AlwaysRefresh":false,"showFog":true,"showSkybox":true,"showFlares":true,"showImageEffects":true,"showParticleSystems":true,"showVisualEffectGraphs":true,"m_FxEnabled":true},"in2DMode":false,"pivot":{"x":-1.1784229278564454,"y":0.14595532417297364,"z":0.7035849094390869},"rotation":{"x":-0.04675818979740143,"y":0.85654616355896,"z":-0.07886097580194473,"w":-0.5078654885292053},"size":1.6471643447875977,"orthographic":false}